<?xml version="1.0" encoding="UTF-8"?>
<project-private xmlns="http://www.netbeans.org/ns/project-private/1">
    <editor-bookmarks xmlns="http://www.netbeans.org/ns/editor-bookmarks/2" lastBookmarkId="0"/>
    <open-files xmlns="http://www.netbeans.org/ns/projectui-open-files/2">
        <group>
            <file>file:/C:/Users/rsdaseneviratne/workspace/Brandix/src/com/virtusa/rpa/flex/POPVerification.java</file>
            <file>file:/C:/Users/rsdaseneviratne/workspace/Brandix/src/com/virtusa/rpa/flex/InventoryAnalysis.java</file>
            <file>file:/C:/Users/rsdaseneviratne/workspace/Brandix/src/com/virtusa/rpa/flex/MerchantBean.java</file>
            <file>file:/C:/Users/rsdaseneviratne/workspace/Brandix/src/com/virtusa/rpa/flex/Headers.java</file>
            <file>file:/C:/Users/rsdaseneviratne/workspace/Brandix/src/com/virtusa/rpa/flex/Record.java</file>
            <file>file:/C:/Users/rsdaseneviratne/workspace/Brandix/src/com/virtusa/rpa/flex/ClaimExceptionReport.java</file>
            <file>file:/C:/Users/rsdaseneviratne/workspace/Brandix/src/com/virtusa/rpa/flex/Excel.java</file>
        </group>
    </open-files>
</project-private>
